code,term
10451007,Double aortic arch
10818008,Congenital malposition of heart
10930001,Congenital atresia of pulmonary artery
109425008,Single right ventricle
109426009,Single left ventricle
109427000,Supracristal ventricular septal defect
109428005,Perimembranous ventricular septal defect
109429002,Single muscular ventricular septum defect
109430007,Multiple muscular ventricular septum defect
109431006,Ebstein-like malformation of mitral valve
109432004,Anomalous cardiac muscle bands
111319002,"Truncus arteriosus, Edwards' type IV"
111321007,Right aortic arch
111322000,Congenital anomaly of pulmonary veins
111323005,Total anomalous pulmonary venous return
1119299008,Mitral regurgitation due to congenital abnormality of mitral subvalvular apparatus
1131009,Congenital valvular insufficiency
1141882007,Congenital endocardial fibroelastosis
11433004,Congenital coronary artery fistula
11614003,Congenital stenosis of pulmonary veins
1162915007,Congenital accessory tissue of tricuspid valve
1163259003,Non syndromic dextrocardia
1172589000,"Congenital omphalocele, diaphragmatic hernia, cardiovascular anomalies, radial ray defect syndrome"
1186709006,Filamin A-related X-linked myxomatous valvular dysplasia
1204130006,Central basal perimembranous ventricular septal defect
1204193005,Aneurysm of aorta due to congenital heart disease
12075007,Congenital hypoplasia of ascending aorta
1208338004,"Dysraphism, cleft lip and palate, limb reduction defect syndrome"
1208998007,"Tumor necrosis factor receptor associated factor 7-associated heart defect, digital anomalies, facial dysmorphism, motor and speech delay syndrome"
1222708006,"Transmembrane protein 94-associated congenital heart defect, facial dysmorphism, developmental delay syndrome"
1229876001,Lethal brain and heart developmental defects syndrome
1230303001,Fatal congenital hypertrophic cardiomyopathy due to glycogen storage disease
1234910007,Congenital straddling and overriding tricuspid valve
123656005,Congenital atresia of cardiac valve
123657001,Congenital stenosis of cardiac valve
123658006,Congenital cleft of cardiac valve
123659003,Congenital malrotation of heart
123660008,Dextrorotation of heart
123661007,Levoatrial cardinal vein
1237074000,Congenital atrioventricular septal defect
1237512003,"Short stature, developmental delay, congenital heart defect syndrome"
1255319004,"Autosomal dominant intellectual disability, craniofacial anomalies, cardiac defects syndrome"
1260142000,"Congenital vertebral, cardiac, renal anomalies syndrome"
1264081007,Persistent left superior vena cava connecting through coronary sinus to left sided atrium
12770006,Cyanotic congenital heart disease
128555001,Congenital coronary artery fistula to left atrium
128556000,Congenital coronary artery fistula to left ventricle
128557009,Congenital coronary artery fistula to right atrium
128558004,Congenital coronary artery fistula to right ventricle
128563000,Juxtaposed atrial appendage
128567004,Congenital pulmonary venous atrium
128568009,Congenital systemic venous atrium
129582000,Congenital coronary artery fistula to pulmonary artery
1299154002,"Cyclin dependent kinase 13-related congenital heart defects, intellectual disability, facial dysmorphism syndrome"
13213009,Congenital heart disease
13453009,Anomalous muscle bands of left ventricle
13689005,Congenital anomaly of aortic valve
13867009,Preductal coarctation of aorta
14886009,Abdominal heart
15096009,Congenital insufficiency of pulmonary valve
15191001,Origin of innominate artery from left side of aortic arch
15459006,Endocardial cushion defect
15964981000119104,Congenital anomaly of cardiac chamber
16567006,Mesocardia
16972009,Congenital aneurysm of aorta
17024001,Aortopulmonary window
17394001,Ebstein's anomaly with atrial septal defect
17718000,Ostium primum defect
18546004,Congenital stenosis of aortic valve
19092004,Holt-Oram syndrome
19249002,Premature closure of foramen ovale
204296002,Discordant ventriculoarterial connection
204297006,Total great vessel transposition
204299009,Dextrotransposition of aorta
204300001,Incomplete great vessel transposition
204306007,Pentalogy of Fallot
204311009,Eisenmenger's complex
204312002,Ventricular septal defect between left ventricle and right atrium
204315000,Atrial septal defect within oval fossa
204317008,Patent foramen ovale
204318003,Persistent ostium secundum
204319006,Lutembacher's syndrome
204330009,Common atrioventricular-type ventricular septal defect
204339005,Congenital pulmonary valve abnormality
204342004,Congenital atresia of pulmonary valve
204343009,Hypoplasia of pulmonary valve
204345002,Congenital fusion of pulmonic cusps
204346001,Congenital fusion of pulmonary valve segment
204351007,Fallot's trilogy
204352000,Supernumerary pulmonary valve cusps
204354004,Congenital tricuspid atresia and stenosis
204357006,Ebstein's anomaly of tricuspid valve
204362007,Parachute malformation of mitral valve
204363002,Supernumerary cusps of the mitral valve
204368006,Subaortic stenosis
204370002,Stenosis of infundibulum of right ventricle
204378009,Congenital coronary aneurysm
204379001,Congenital stricture of coronary artery
204391005,Hypoplasia of cardiac vein
204394002,Congenital anomaly of myocardium
204395001,Congenital aneurysm of heart
204397009,Cor triloculare
204398004,Congenital epicardial cyst
204399007,Hemicardia
204407002,Anomalous bands of heart
204409004,Anomalous ventricular bands
204423002,Anomalous origin of the aortic arch
204427001,Persistent aortic arch convolutions
204431007,Atresia and stenosis of aorta
204433005,Aplasia of aorta
204443008,Pulmonary artery atresia
204448004,Atresia of pulmonary artery with septal defect
204451006,Anomalies of great veins
204456001,Subdiaphragmatic total anomalous pulmonary venous return
204457005,Supradiaphragmatic total anomalous pulmonary venous return
204463001,Absence of inferior vena cava
204464007,Absence of superior vena cava
204467000,Pulmonary vein atresia
205768003,Complete situs inversus with dextrocardia
205769006,Situs inversus with levocardia
205834002,Acardia
206586007,Congenital cardiac failure
21470009,Syncope anginosa
218728005,Interrupted aortic arch
21981000,Single coronary artery
2213002,Congenital anomaly of vena cava
23063005,Congenital atresia of mitral valve
233858000,Familial mitral valve prolapse
234132006,Congenital abnormality of great veins and coronary sinus
236529001,"Prune belly syndrome with pulmonic stenosis, intellectual disability and deafness"
236530006,Pulmonic stenosis and congenital nephrosis
237227006,Congenital heart disease in pregnancy
250941001,Right ventricular fibromuscular infundibular stenosis
250942008,Right ventricular muscular infundibular stenosis
250983006,Bicuspid doming of aortic cusp
251038002,Aortic root congenital abnormality
253264007,"Congenital heart disease, septal and bulbar anomalies"
253265008,Congenital cardiac rotation
253267000,Congenital abnormality of relationship of cardiac component
253268005,Abnormal relationship of right ventricle to left ventricle
253269002,Criss-cross heart
253270001,Abnormal relationship of aortic orifice to pulmonary orifice
253271002,Mirror-imaged heart
253272009,Congenital abnormality of cardiac connection
253274005,Abnormal atrioventricular connection
253275006,Abnormal atrioventricular connection - biventricular
253276007,Cor triloculare biventriculare
253277003,Discordant atrioventricular connection
253278008,Ambiguous atrioventricular connection
253279000,Absent atrioventricular connection with straddling valve
253280002,Abnormal atrioventricular connection - univentricular
253281003,Double inlet ventricle
253282005,Double inlet right ventricle
253283000,Double inlet left ventricle
253284006,Double inlet to ventricle of indeterminate morphology
253285007,Absent right sided atrioventricular connection
253287004,Left sided atrium connecting to right ventricle
253288009,Left sided atrium connecting to both ventricles
253289001,Left sided atrium connecting to ventricle of indeterminate morphology
253290005,Absent left sided atrioventricular connection
253293007,Right sided atrium connecting to both ventricles
253294001,Right sided atrium connecting to ventricle of indeterminate morphology
253295000,Abnormal ventriculoarterial connection
253297008,Transposition of aorta
253298003,Double outlet right ventricle with subaortic ventricular septal defect
253299006,Double outlet right ventricle with noncommitted ventricular septal defect
253300003,Double outlet right ventricle with doubly committed ventricular septal defect
253301004,Double outlet from ventricle of indeterminate morphology
253302006,Single outlet ventriculoarterial connection
253303001,Solitary aortic trunk with pulmonary atresia
253304007,Solitary pulmonary trunk with aortic atresia
253305008,Solitary arterial trunk
253307000,Atretic right superior vena cava
253308005,Absent right superior vena cava
253310007,Anomalous insertion of right superior vena cava to left atrium
253311006,Bilateral superior vena cava
253312004,Absent bridging vein
253313009,Inferior vena cava interruption with left sided hemiazygos continuation
253314003,Inferior vena cava interruption with right sided azygos continuation
253315002,Inferior vena cava interruption with bilateral azygos continuation
253316001,Abnormal inferior vena caval connection
253317005,Inferior vena cava connecting to morphological left atrium
253318000,Inferior vena cava connecting to coronary sinus
253321003,Anomalous termination of right pulmonary vein
253322005,Obstructed pulmonary venous connection
253323000,Coronary sinus abnormality
253324006,Coronary sinus defect in left atrium
253326008,Coronary sinus orifice atresia
253327004,Congenital coronary sinus stenosis
253328009,Coronary sinus to left ventricle fistula
253329001,Ductus venosus abnormality
253330006,Patent ductus venosus
253333008,Abnormal connection of hepatic vein to atrium
253334002,Congenital abnormality of atria and atrial septum
253335001,Isomerism of atrial appendages
253336000,Isomerism of right atrial appendage
253337009,Isomerism of left atrial appendage
253338004,Mirror imaged atria
253340009,Prominent valve of inferior vena cava
253341008,Obstructive Eustachian valve
253342001,Prolapse of Eustachian valve
253343006,Anomalous valve of coronary sinus
253345004,Right atrial appendage absent
253346003,Right atrial appendage - left - juxtaposition
253348002,Endocardial fibroelastosis of right atrium
253349005,Right atrial hypoplasia
253353007,Divided left atrium
253354001,Supramitral left atrial ring
253357008,Left atrial appendage - right - juxtaposition
253359006,Endocardial fibroelastosis of left atrium
253360001,Left atrial hypoplasia
253364005,Foramen ovale valvar aneurysm
253366007,Interauricular septal defect
253369000,Sinus venosus defect with overriding superior vena cava
253370004,Sinus venosus defect with overriding inferior vena cava
253371000,Atrial septal defect through coronary sinus orifice
253372007,Restrictive atrial septal defect with obligatory shunt
253373002,Atrioventricular septal defect - isolated atrial component
253374008,Congenital abnormality of atrioventricular valves in atrioventricular septal defect
253375009,Tricuspid leaflet dysplasia
253376005,Tricuspid annulus hypoplasia
253377001,Dilatation of tricuspid annulus
253378006,Overriding tricuspid valve
253379003,Straddling tricuspid valve
253381001,Absent tricuspid leaflet
253382008,Double orifice of tricuspid valve
253384009,Accessory tissue on tricuspid leaflet
253386006,Arcade abnormality of tricuspid chordae tendinae
253387002,Tricuspid chordae tendinae too short
253388007,Tricuspid chordae tendinae too long
253389004,Tricuspid chordae tendinae to outlet septum
253391007,Parachute malformation of tricuspid valve
253392000,Congenital absence of tricuspid papillary muscle
253393005,Fused tricuspid papillary muscle
253394004,Hypoplastic tricuspid papillary muscle
253395003,Mitral valve dysplasia
253396002,Mitral leaflet dysplasia
253397006,Overriding mitral valve
253399009,Straddling mitral valve
2534005,Congenital absence of vena cava
253401003,Absent mitral leaflets
253402005,Double orifice of mitral valve
253403000,Ebstein-like downward displacement of mitral valve
253404006,Anterior leaflet of mitral valve attached to septum
253405007,Accessory tissue on mitral leaflet
253407004,Arcade abnormality of mitral chordae tendinae
253411005,Absent mitral papillary muscle
253412003,Fused mitral papillary muscles
253413008,Hypoplastic mitral papillary muscle
253414002,Atrioventricular septal defect and common atrioventricular junction
253415001,Atrioventricular septal defect - isolated ventricular component
253416000,Atrioventricular septal defect: atrial and ventricular components
253417009,Atrioventricular septal defect - ventricular component
253418004,Atrioventricular septal defect - ventricular component under superior bridging leaflet
253419007,Atrioventricular septal defect with ventricular component under superior bridging leaflet with chords at crest ventricular septum
253420001,Atrioventricular septal defect with ventricular component under superior bridging leaflet with chords to papillary muscle on right ventricular side septum
253421002,Atrioventricular septal defect with ventricular component under free floating superior bridging leaflet and chords to papillary muscle at right ventricular free wall
253422009,Atrioventricular septal defect - ventricular component under inferior bridging leaflet
253423004,Malaligned atrial septum
253425006,Double outlet right atrium
253426007,Double outlet left atrium
253428008,Abnormality of common atrioventricular valve in atrioventricular septal defect
253429000,Atresia of common atrioventricular valve
253430005,Imperforate common atrioventricular valve
253431009,Hypoplasia of common atrioventricular valve
253432002,Dysplasia of common atrioventricular valve
253434001,Common atrioventricular valve limited to one ventricle
253435000,Dilatation of common atrioventricular valve annulus
253436004,Common atrioventricular valve stenosis
253437008,Common atrioventricular valve leaflet abnormality
253438003,Common atrioventricular valve prolapse
253439006,True cleft of common atrioventricular valve leaflet
253440008,Accessory tissue on common atrioventricular valve leaflet
253441007,Double orifice of common atrioventricular valve
253442000,Triple orifice of left ventricular component of common atrioventricular valve
253443005,Ebstein's anomaly of common atrioventricular valve
253445003,Common atrioventricular valve chordae too short
253446002,Common atrioventricular valve chordae too long
253447006,Common atrioventricular valve chordae to outlet septum
253448001,Arcade abnormality of common atrioventricular valve chordae
253450009,Parachute malformation of common atrioventricular valve
253451008,Absent common atrioventricular valve papillary muscle
253452001,Fused common atrioventricular valve papillary muscle
253453006,Hypoplastic common atrioventricular valve papillary muscle
253455004,Right atrioventricular valve atresia
253456003,Imperforate right atrioventricular valve
253457007,Right atrioventricular valve dysplasia
253458002,Right atrioventricular valve hypoplasia
253460000,Overriding right atrioventricular valve
253463003,Straddling right atrioventricular valve
253465005,Absent right atrioventricular valve leaflets
253467002,Double orifice of right atrioventricular valve
253468007,Ebstein's anomaly of right atrioventricular valve
253470003,True cleft of right atrioventricular valve leaflet
253471004,Accessory tissue on right atrioventricular valve leaflet
253472006,Right atrioventricular valve leaflet dysplasia
253476009,Right atrioventricular valve chordae to outlet septum
253477000,Arcade abnormality of right atrioventricular valve chordae
253478005,Congenital abnormality of right atrioventricular valve papillary muscle
253479002,Congenital parachute malformation of right atrioventricular valve
253480004,Congenital absence of right atrioventricular valve papillary muscle
253481000,Congenital fusion of right atrioventricular valve papillary muscles
253482007,Congenital hypoplastic right atrioventricular valve papillary muscle
253483002,Abnormality of left atrioventricular valve in double inlet ventricle
253484008,Left atrioventricular valve atresia
253485009,Imperforate left atrioventricular valve
253486005,Left atrioventricular valve dysplasia
253487001,Left atrioventricular valve hypoplasia
253489003,Overriding left atrioventricular valve
253492004,Straddling left atrioventricular valve
253494003,Absent left atrioventricular valve leaflets
253495002,Double orifice of left atrioventricular valve
253496001,Ebstein's anomaly of left atrioventricular valve
253498000,True cleft of left atrioventricular valve leaflet
253499008,Accessory tissue on left atrioventricular valve leaflet
253500004,Left atrioventricular valve leaflet dysplasia
253504008,Left atrioventricular valve chordae to outlet septum
253505009,Arcade abnormality of left atrioventricular valve chordae
253506005,Congenital abnormality of left atrioventricular valve papillary muscle
253507001,Congenital parachute malformation of left atrioventricular valve
253508006,Congenital absence of left atrioventricular valve papillary muscle
253509003,Congenital fusion of left atrioventricular valve papillary muscles
253510008,Congenital hypoplastic left atrioventricular valve papillary muscle
253511007,Congenital abnormality of ventricles and ventricular septum
253512000,Tetralogy of Fallot with pulmonary stenosis
253513005,Tetralogy of Fallot with atresia of pulmonary valve
253514004,Dextraposition of aorta in Fallot's tetralogy
253515003,Ventricular septal defect in Fallot's tetralogy
253518001,Diffuse hypoplasia of right ventricle
253519009,Hypoplasia of right ventricular inflow tract
253520003,Hypoplasia of right ventricular outflow tract
253521004,Hypoplasia of right ventricular outflow tract and trabecular area
253523001,Primary endocardial fibroelastosis of right ventricle
253524007,Two chambered right ventricle
253525008,Congenital right ventricular diverticulum
253527000,Congenital right ventricular aneurysm
253528005,Arrhythmogenic right ventricular dysplasia
253529002,Right ventricular outflow tract abnormality
253530007,Right ventricular outflow tract obstruction
253531006,Right ventricular outflow obstruction - localized
253532004,Right ventricular outflow obstruction - tubular
253533009,Right ventricular outflow tract atresia
253534003,Right ventricular outflow tract absent
253536001,Left ventricular hypoplasia
253537005,Diffuse hypoplasia of left ventricle
253538000,Hypoplasia of left ventricular inflow tract
253539008,Hypoplasia of left ventricular outflow tract
253540005,Hypoplasia of left ventricular outflow tract and trabecular area
253542002,Abnormal left ventricular muscle band
253543007,Primary endocardial fibroelastosis of left ventricle
253544001,Congenital left ventricular aneurysm
253545000,Left ventricular outflow tract abnormality
253546004,Left ventricular outflow tract obstruction
253547008,Left ventricular outflow tract atresia
253548003,Indeterminate ventricular outflow tract obstruction
253550006,Multiple ventricular septal defects
253551005,Restrictive ventricular septal defect
253552003,Perimembranous ventricular septal defect with extension to right ventricular inlet
253553008,Perimembranous ventricular septal defect with extension to right ventricular trabecular component
253554002,Perimembranous ventricular septal defect with extension to right ventricular outlet
253555001,Perimembranous ventricular septal defect with extension to all right ventricular components
253556000,Ventricular septal defect with malaligned outlet septum to right
253559007,Ventricular septal defect with malaligned outlet septum to left
253562005,Ventricular septal defect with absent outlet septum and overriding truncal valve
253563000,Muscular ventricular septal defect in inlet septum
253564006,Muscular ventricular septal defect in central trabecular septum
253565007,Muscular ventricular septal defect in apical trabecular septum
253566008,Muscular ventricular septal defect in marginal septum
253567004,Muscular ventricular septal defect in outlet septum
253568009,Doubly committed subarterial ventricular septal defect
253569001,Doubly committed subarterial ventricular septal defect with membranous septum extension
253570000,Doubly committed subarterial ventricular septal defect with muscular posterior inferior rim
253571001,Giant ventricular septal defect
253573003,Subpulmonary infundibulum
253574009,Subaortic infundibulum
253575005,Bilateral muscular infundibula
253576006,Bilateral deficient infundibula
253578007,Congenital abnormality of arterial valves
253579004,Truncal valve abnormality
253580001,Truncal valve dysplasia
253581002,Truncal valve stenosis
253582009,Truncal valve regurgitation
253583004,Truncal valve prolapse
253584005,Accessory tissue on truncal valve cusp
253585006,Pulmonary valve cusp hypoplasia
253586007,Pulmonary valve ring hypoplasia
253587003,Commissural fusion of pulmonary valve
253588008,Pulmonary valve dysplasia
253590009,Pulmonary atresia with intact ventricular septum
253591008,Pulmonary atresia with ventricular septal defect
253592001,Pulmonary valve atresia without ventricular outflow tract
253593006,Imperforate pulmonary valve
253594000,Muscular pulmonary atresia
253596003,Absent pulmonary valve syndrome
253597007,Accessory tissue on pulmonary valve cusp
253598002,Unicuspid pulmonary valve
253599005,Bicuspid pulmonary valve
253600008,Quadricuspid pulmonary valve
253601007,Aortic valve ring hypoplasia
253602000,Commissural fusion of aortic valve
253603005,Eccentric opening of aortic valve
253607006,Hypoplasia of aortic valve cusp
253608001,Accessory tissue on aortic valve cusp
253609009,Abnormal number of aortic valve cusps
253610004,Unicuspid aortic valve
253611000,Quadricuspid aortic valve
253614008,Tubular hypoplasia of aorta
253615009,Anomalies of the aorta excluding coarction
253621008,Pulmonary trunk stenosis
253622001,Pulmonary trunk hypoplasia
253623006,Pulmonary trunk atresia
253624000,Pulmonary atresia with confluent pulmonary arteries
253625004,Pulmonary atresia with absent pulmonary artery
253627007,Congenital absence of pulmonary trunk with confluent pulmonary arteries
253628002,Congenital absence of pulmonary trunk with non-confluent pulmonary arteries
253629005,Complete congenital absence of pulmonary trunk with complete congenital absence of pulmonary artery
253632008,Abnormal origin of right pulmonary artery
253633003,Anomalous origin of right pulmonary artery from ductus arteriosus
253634009,Anomalous origin of right pulmonary artery from ascending aorta
253635005,Abnormal origin of left pulmonary artery
253636006,Anomalous origin of left pulmonary artery from ductus arteriosus
253637002,Anomalous origin of left pulmonary artery from ascending aorta
253638007,Anomalous origin of left pulmonary artery from right pulmonary artery
253642005,Diffuse supravalvar aortic stenosis
253643000,Ascending aortic atresia
253644006,Ascending aorta absent
253646008,Congenital aneurysm of ascending aorta
253649001,Aortic tunnel
253650001,Aorta to right ventricle tunnel
253652009,Right descending aorta
253653004,Left aortic arch and right descending aorta
253654005,Right aortic arch and right descending aorta
253656007,Aortic arch centrally descending
253657003,Cervical aortic arch
253658008,Persisting fifth aortic arch
253660005,Double aortic arch with both patent
253661009,Double aortic arch with unilateral hypoplasia
253662002,Double aortic arch with unilateral atresia
253663007,Vascular ring with left aortic arch
253664001,Vascular ring with right aortic arch
253668003,Isolation of subclavian artery
253672004,Preductal aortic stenosis
253673009,Preductal interruption of aorta
253674003,Preductal hypoplasia of aorta
253675002,Juxtaductal aortic coarctation
253676001,Postductal aortic stenosis
253677005,Postductal interruption of aorta
253678000,Thoracic aortic coarctation
253680006,Postductal hypoplasia of aorta
253681005,Interrupted aortic arch distal to left subclavian artery
253682003,Interrupted aortic arch between left subclavian and left common carotid artery
253683008,Interrupted aortic arch between left common carotid and brachiocephalic artery
253688004,Collaterals to pulmonary arteries
253689007,Major aortopulmonary collateral artery
253690003,Systemic to pulmonary collateral artery
253691004,Stenosis of systemic to pulmonary artery collateral artery
253698005,Isolation of brachiocephalic trunk
253700001,Variant coronary origin from aortic sinus
253703004,Anomalous origin of coronary artery from non-facing sinus
253704005,Anomalous origin of left anterior descending from right coronary artery
253706007,Anomalous origin of coronary artery from pulmonary arterial tree
253707003,Anomalous origin of coronary artery from right pulmonary artery
253708008,Anomalous origin of coronary artery from left pulmonary artery
253710005,Coronary orifice abnormally high
253711009,Coronary orifice asymmetrical
253712002,Dual coronary orifice
253713007,Coronary orifice atresia
253714001,Abnormal coronary artery course
253715000,Intramural coronary artery course
253716004,Aberrant course of left anterior descending coronary artery from right coronary artery crossing right ventricular outflow tract
253717008,Coronary artery runs between aorta and pulmonary trunk
253718003,Circumflex runs posterior to pulmonary trunk
253719006,Circumflex runs posterior to aorta
253720000,Congenital coronary arteriovenous fistula
253723003,Coronary fistulae from right ventricle
253724009,Coronary fistulae from left ventricle
253725005,Congenital coronary artery calcification
253732001,Totally absent pericardium
2583009,Chiari's network
26146002,Complete transposition of great vessels
26201005,Aortic left ventricular tunnel
263944006,Anterolateral muscle band
263960005,Bilateral atria
263961009,Bilateral isomeric atria
264086008,Malaligned outlet septum
264162009,Posteromedial muscle band
264467005,False tendon - heart
264571006,Septoparietal trabeculations
26780008,Coarctation of pulmonary artery
268174004,Bulbus cordis and cardiac septal closure anomalies
268180007,Right hypoplastic heart syndrome
268184003,Hypoplasia of aorta
268185002,Supravalvar aortic stenosis
26865008,Congenital absence of superior vena cava
270510008,Anomalous coronary artery communication
271573009,Congenital abnormality of thoracic aorta and pulmonary arteries
274947007,Divided right atrium
27637000,Dextrocardia
276516009,Myocardial ischemia of newborn
2829000,Uhl's disease
285251000119101,Dextrotransposition of the great arteries
28574005,Congenital anomaly of coronary artery
28656008,Congenital insufficiency of aortic valve
29375001,Abnormal number of cardiac valve cusps
29928006,Congenital insufficiency of mitral valve
29934004,Anomalous pulmonary venous drainage to coronary sinus
30288003,Ventricular septal defect
302943003,Abnormal number of pulmonary valve cusps
341751000000103,Congenital dextroposition of heart
35577008,Holoacardius acephalus
360473004,Congenital muscular subaortic stenosis
360481003,Common atrioventricular canal
36079008,Double cardiac valve orifice
36110001,Congenital anomaly of pulmonary artery
36133000,Abnormal position of cardiac valve
36233006,Congenital stenosis of tricuspid valve
36422005,Transposition of pulmonary veins
37104009,Congenital enlargement of coronary sinus
37171002,Abnormal number of leaflets
373131000,Non-restrictive ventricular septal defect
37639005,Anomalous pulmonary venous drainage to right atrium
38385001,Persistent left posterior cardinal vein
38842003,Lutembacher's anomaly
39589002,Hypoplasia of right heart
399046008,L - transposition of the great vessels
39905002,Scimitar syndrome
399216004,D - transposition of the great vessels
399228007,Tetralogy of Fallot with absent pulmonary valve
40272001,Congenital absence of coronary sinus
405752007,Congenital atrial septal defect
41049003,Holoacardius amorphus
412787009,"Intellectual disability, congenital heart disease, blepharophimosis, blepharoptosis and hypoplastic teeth"
41371000119100,Shone complex
413905004,Congenital absence of heart structure
41514002,Congenital supravalvular mitral stenosis
41893002,Left ventricular-right atrial communication
43176009,Congenital hypoplasia of tricuspid valve
43395008,Fallot's triad
4374004,Congenital anomaly of tricuspid valve
443379009,Functional single ventricle
444851003,Bifid apex of heart
444961009,Atrioventricular septal defect with common atrioventricular orifice
445001003,Left ventricular outflow tract obstruction due to malaligned outlet septum
445002005,Atrioventricular septal defect with separate atrioventricular orifices
445003000,Left ventricular outflow tract obstruction due to subpulmonary fibromuscular shelf
445027003,Left superior caval vein persisting to coronary sinus
445131007,Left ventricular outflow tract obstruction due to fibromuscular tunnel
445176007,Congenital dilation of ascending aorta
445235006,Left ventricular outflow tract obstruction due to anterolateral muscle band
445264002,Atrioventricular septal defect with ventricular imbalance consisting of dominant left ventricle and hypoplastic right ventricle
445268004,Apex of heart anterior to cardiac base
445270008,Aortic orifice left side by side with respect to pulmonary orifice
445298006,Aortic orifice anterior with respect to pulmonary orifice
445299003,Atrioventricular septal defect with ventricular imbalance consisting of dominant right ventricle and hypoplastic left ventricle
445310002,Left ventricular outflow tract obstruction due to diaphragm
445330003,Right atrioventricular valve leaflets absent in double inlet ventricle (unguarded orifice)
445334007,Atrioventricular septal defect with additional muscular ventricular septal defect
445373007,Aortic orifice posterior with respect to pulmonary orifice
445435009,Apex of heart posterior to cardiac base
445436005,Left superior caval vein persisting to left sided atrium
445453003,Left ventricular outflow tract obstruction due to aneurysm of membranous septum
445454009,Left ventricular outflow tract obstruction due to atrioventricular valve
445607003,Aortic orifice posterior left with respect to pulmonary orifice
445636003,Aortic orifice anterior right with respect to pulmonary orifice
445650008,Aortic orifice anterior left with respect to pulmonary orifice
445898001,Abnormal atrial arrangement
445928005,Eisenmenger's syndrome
446326008,Premature restriction of foramen ovale
446657003,Criss-cross heart with rightward rotation
446659000,Ventricular imbalance with dominant left ventricle and hypoplastic right ventricle
446667008,Two atrioventricular valves in double inlet ventricle
446670007,Aortic orifice right side by side with respect to pulmonary orifice
446909006,Midline apex of heart
446916007,Functionally univentricular heart
447283008,Solitary ventricle of indeterminate morphology
447284002,Double outlet right ventricle with intact ventricular septum
447285001,Ventricular imbalance
447286000,Ventricular imbalance with dominant right ventricle and hypoplastic left ventricle
447289007,Criss-cross heart with leftward rotation
447661004,Diverticulum of coronary sinus
447665008,Interatrial communication through coronary sinus orifice
447666009,Divided left atrium with all pulmonary veins to proximal chamber and then to left atrium
447667000,Divided left atrium with all pulmonary veins to proximal chamber without communication to left atrium
447669002,Hypoplasia of left heart without intrinsic valve stenosis and without atresia
447670001,Ventricular septal defect with anterior malaligned outlet septum with overriding pulmonary valve
447671002,Ventricular septal defect with posterior malaligned outlet septum with overriding aortic valve
447672009,Ventricular septal defect with posterior malaligned outlet septum with overriding pulmonary valve
447673004,Right ventricle to left of left ventricle
447681003,Continuity between mitral valve and pulmonary valve
447683000,Discontinuity between mitral valve and pulmonary valve
447689001,Prolapse of Eustachian valve through atrial septum
447690005,Prolapse of Eustachian valve through tricuspid valve
447696004,Unicommissural unicuspid aortic valve
447697008,Unicommissural unicuspid pulmonary valve
447698003,Ventricular septal defect with anterior malaligned outlet septum with overriding aortic valve
447774002,Congenital midvalvar ring of mitral leaflet
447779007,Trifoliate left atrioventricular valve
447780005,Restrictive interatrial communication with obligatory shunt
447812003,Left superior vena cava persisting to right atrium and left atrium
447822009,Congenital prolapse of aortic valve
447824005,Congenital abnormality of left atrium
447825006,Congenital abnormality of middle cardiac vein
447827003,Partial anomalous pulmonary venous connection of entire right lung
447829000,Congenital abnormality of tricuspid chordae tendinae
447830005,Congenital abnormality of tricuspid leaflet
447838003,Pulmonary atresia and ventricular septal defect with aorta from left ventricle
447839006,Pulmonary atresia and ventricular septal defect with aorta from right ventricle
447845003,Right ventricle posterior to left ventricle
447849009,Double aortic arch with right arch dominant and atresia of left arch
447852001,Ventricular septal defect of inlet of right aspect of ventricular septum
447874007,Congenital abnormality of atrial septum
447875008,Congenital mass of mitral leaflet
447876009,Congenital aneurysm of subaortic left ventricle
447902006,Atresia of left superior vena cava
447913009,Completely unroofed coronary sinus defect in left atrium
447915002,Ebstein's anomaly of left sided tricuspid valve with discordant atrioventricular connections
447919008,Univentricular atrioventricular connection with absent right sided atrioventricular connection
447932003,Double outlet ventriculoarterial connections
447933008,Nonfenestrated interatrial communication within oval fossa
447937009,Congenital abnormality of aortic valve cusp
447938004,Congenital abnormality of cardiac vein
447939007,Partial anomalous pulmonary venous connection of entire left lung
447941008,Residual ventricular septal defect
447962009,Divided left atrium with restrictive outlet of proximal chamber to left atrium
447970004,Double aortic arch with left arch dominant and atresia of right arch
447988007,Common arterial trunk with pulmonary arteries arising from trunk and unobstructed aortic arch
447998001,Single ventricular outlet above right ventricle
447999009,Single ventricular outlet above left ventricle
448000003,Right superior vena cava connecting to left atrium and right atrium
448001004,Right ventricular outflow tract obstruction due to aneurysm of membranous septum
448004007,Acommissural unicuspid pulmonary valve
448007000,Atrioventricular septal defect associated with tetralogy of Fallot
448026008,Left atrioventricular valve bifoliate with fused left sided superior and inferior bridging leaflet
448028009,Congenital left ventricular submitral valve aneurysm
448059006,Complete congenital absence of pulmonary trunk with complete congenital absence of left pulmonary artery
448060001,Complete congenital absence of pulmonary trunk with complete congenital absence of right pulmonary artery
448062009,Ventricular septal defect with malaligned outlet septum
448063004,Congenital abnormality of posterior cardiac vein of left ventricle
448064005,Congenital abnormality of right atrium
448066007,Divided left atrium with nonrestrictive outlet of proximal chamber to left atrium
448072007,Single inlet ventricle with absent atrioventricular connection
448073002,Congenital abnormality of tricuspid papillary muscle
448074008,Ebstein's anomaly with functional tricuspid stenosis
448075009,Uniatrial biventricular connection with absent right sided atrioventricular connection with straddling valve
448078006,Vascular ring with right aortic arch and right arterial ligament with absent left pulmonary artery
448079003,Vascular ring with right aortic arch and right patent arterial duct with absent left pulmonary artery
448080000,Single ventricular outlet above ventricle of indeterminate morphology
448081001,Hepatic vein to coronary sinus
448082008,Right ventricular outflow tract obstruction due to prolapse of Eustachian valve
448083003,Right ventricular outflow tract obstruction due to prolapsed arterial valve
448085005,Acommissural unicuspid aortic valve
448095003,Aortic left ventricular tunnel with right coronary artery from tunnel
448103004,Right ventricle inferior to left ventricle
448113007,Right superior vena cava connecting to coronary sinus
448114001,Aberrant course of coronary artery between aorta and pulmonary trunk
448118003,Atrioventricular septal defect with atrial and ventricular components and separate atrioventricular valves
448119006,Atrioventricular septal defect with atrioventricular valve regurgitation
448120000,Common arterial trunk with crossed over pulmonary arteries
448155003,Pulmonary atresia with ventricular septal defect of Fallot type
448161000,Aortic valve overriding ventricular septum
448162007,Bipartite right ventricle
448181004,Anomalous coronary venous return
448182006,Atrioventricular septal defect with ventricular component and interchordal shunting under inferior bridging leaflet
448183001,Atrioventricular septal defect with ventricular component and interchordal shunting under superior bridging leaflet
448184007,Atrioventricular septal defect with ventricular component and shunting under connecting tongue with separate orifices
448277007,Midline posterior apex of heart
448278002,Coronary sinus drainage cephalad to left superior vena cava
448280008,Malalignment of aortic sinus in relation to pulmonary sinus
448303009,Vascular ring with left aortic arch to right descending aorta and right arterial ligament
448304003,Vascular ring with left aortic arch to right descending aorta and right patent arterial duct
448305002,Vascular ring with malrotation and dextroversion of heart and hypoplasia of right lung and left arterial duct
448308000,Right ventricular outflow tract obstruction due to common atrioventricular valve
448309008,Right ventricular outflow tract obstruction due to fibromuscular shelf
448310003,Right ventricular outflow tract obstruction due to malaligned outlet septum
448320008,Divided left atrium with some pulmonary veins to proximal chamber
448326002,Right inferior vena cava connecting to left atrium and right atrium
448331000,Atrioventricular septal defect with restrictive ventricular component
448332007,Left superior vena cava persisting to right sided atrium
448356006,Coronary sinus drainage cephalad to right superior vena cava
448357002,Midline anterior apex of heart
448413002,Pulmonary valve overriding ventricular septum
448415009,Subaortic stenosis due to common atrioventricular valve
448475002,Absent pulmonary valve syndrome with ventricular septal defect of non Fallot type
448477005,Superior to inferior ventricular relationship
448478000,Systemic to pulmonary collateral artery from coronary artery
448497000,Congenital deformity of mitral valve annulus
448501005,Interrupted left inferior vena cava
448516008,Double outlet right ventricle with doubly committed ventricular septal defect and pulmonary stenosis
448517004,Vascular ring with left aortic arch and retroesophageal right descending aorta and right arterial duct arising from aortic diverticulum and aberrant right subclavian artery
448574001,Unipartite right ventricle
448575000,Fenestrated interatrial communication within oval fossa
448595006,Scimitar syndrome with additional anomalous pulmonary venous connection
448604006,Congenital abnormality of pulmonary valve cusp
448612003,Single ventricular outlet above both ventricles
448619007,Anterior deviation of infundibular septum of Fallot type
448620001,Azygos continuation of inferior vena cava to right superior vena cava
448624005,Uniatrial biventricular connection with absent left sided atrioventricular connection with straddling valve
448625006,Univentricular atrioventricular connection with absent left sided atrioventricular connection
448626007,Gelatinous atrioventricular valve leaflet in atrioventricular septal defect
448631009,Right inferior vena cava connecting to left sided atrium
448632002,Left inferior vena cava connecting to left atrium and right atrium
448633007,Right ventricular outflow tract obstruction due to atrioventricular valve
448634001,Absent aortic valve cusp
448681000,Indeterminate atrial arrangement
448729006,Common atrioventricular valve in functionally univentricular heart
448747000,Common arterial trunk with pulmonary origin from truncal valve sinus
448777006,Noncoapting atrioventricular valve leaflet in atrioventricular septal defect
448778001,Obstruction of right ventricular outflow tract due to aortico-left ventricular tunnel
448780007,Ventricular septal defect with absent outlet septum and overriding truncal valve with extension of membranous septum
448782004,Interrupted right inferior vena cava
448786001,Posterior deviation of infundibular septum of obstructive aortic arch type
448790004,Anterior-posterior orientation of bicuspid aortic valve
448793002,Bicuspid truncal valve
448794008,Double outlet right ventricle with subpulmonary ventricular septal defect
448809003,Common arterial trunk with obstruction of aortic arch
448819009,Right-left orientation of bicuspid aortic valve
448822006,Deficiency of atrioventricular valve leaflet in atrioventricular septal defect
448823001,Left ventricular outflow tract obstruction due to prolapse of Eustachian valve
448824007,Left ventricular myocardial sinusoids
448827000,Ventricular septal defect with absent outlet septum and overriding truncal valve with inferior muscular rim
448836001,Thickened atrioventricular valve leaflet in atrioventricular septal defect
448842002,Aortico-left ventricular tunnel of simple type
448843007,Aortico-left ventricular tunnel with aneurysm of intracardiac septal wall and aneurysm of extracardiac aortic wall
448844001,Multiple mitral papillary muscles with hammock valve
448876006,Subarterial ventricular septal defect
448887003,Common arterial trunk with isolated pulmonary artery
448919005,Atrioventricular septal defect with ventricular component under superior bridging leaflet without chordal attachment to ventricular septal crest
448920004,Congenital abnormality of mitral subvalvular apparatus
448923002,Hypoplasia of infundibular septum
448946000,Anterior-posterior orientation of bicuspid pulmonary valve
448947009,Congenital abnormality of left atrioventricular valve in double inlet ventricle
448948004,Overriding ventriculoarterial valve
448965008,Inferior vena cava connecting to right atrium and left atrium
448966009,Hypoplasia of trabecular portion of right ventricle
448975006,Aortico-left ventricular tunnel with extracardiac aneurysm of aortic wall
449005003,Absence of mitral chordae tendinae
449008001,Flail atrioventricular valve leaflet in atrioventricular septal defect
449009009,Left inferior vena cava connecting to left sided atrium
449010004,Left inferior vena cava connecting to right sided atrium
449011000,Fenestration of atrioventricular valve leaflet in atrioventricular septal defect
449014008,Hepatic vein to left atrium
449015009,Hepatic vein to right atrium
449016005,Hepatic vein to left atrium and right atrium
449029005,Imperforate ventriculoarterial valve
449031001,Congenital abnormality of right atrioventricular valve leaflet in double inlet ventricle
449032008,Congenital abnormality of right atrioventricular valve papillary muscle in double inlet ventricle
449037002,Truncal valve overriding ventricular septum
449040002,Hypoplasia of right atrioventricular valve annulus in double inlet ventricle
449086000,Ebstein's anomaly of left atrioventricular valve in functionally univentricular heart
449087009,Ebstein's anomaly of right atrioventricular valve in functionally univentricular heart
449098005,Congenital abnormality of left atrioventricular valve chordae tendinae in double inlet ventricle
449099002,Left atrioventricular valve stenosis in double inlet ventricle
449110001,Congenital billowing of mitral valve leaflet
449118008,Left ventricular outflow tract obstruction due to prolapsed arterial valve
449123008,Eccentric opening of tricuspid aortic valve
449124002,Eccentric opening of tricuspid pulmonary valve
449133000,Absence of pulmonary valve cusp
449135007,Congenital stenosis of mitral subvalvular apparatus
449138009,Right ventricular outflow tract obstruction due to septal hypertrophy
449139001,Commissural fusion of truncal valve
449140004,Right-left orientation of bicuspid pulmonary valve
449158005,Ebstein's anomaly of tricuspid valve with atrialization of right ventricular chamber
449178002,Doubly committed ventricular septal defect in double outlet ventriculoarterial connection
449188001,Left superior vena cava persisting to coronary sinus and then to right sided atrium
449189009,Mass associated with atrioventricular valve leaflet in atrioventricular septal defect
449190000,Muscular ventricular septal defect in trabecular septum
449228007,Hypoplasia of left atrioventricular valve annulus in double inlet ventricle
449270002,Hypoplasia of mitral valve annulus
449315003,Congenital abnormality of right atrioventricular valve chordae tendinae in double inlet ventricle
449316002,Congenital abnormality of right atrioventricular valve in double inlet ventricle
449352003,Right ventricular outflow tract obstruction due to abnormal cardiac muscle bands
449353008,Hypoplasia of trabecular portion of left ventricle
449354002,Hypoplasia of pulmonary cusps of absent pulmonary valve type
449379004,Atrioventricular septal defect with ventricular component under inferior bridging leaflet with chords to crest ventricular septum
449382009,Congenital abnormality of atrioventricular valve leaflet in atrioventricular septal defect
449383004,Congenital abnormality of atrioventricular valve papillary muscle in atrioventricular septal defect
449385006,Confluent muscular ventricular septal defect
449388008,Abnormality of atrioventricular valve leaflet in atrioventricular septal defect
449398002,Aortico-left ventricular tunnel with intracardiac aneurysm of septal portion
449426008,Left sided azygos continuation of inferior vena cava to left superior vena cava
449428009,Divided left atrium with all pulmonary veins to proximal chamber and then to left atrium with additional pulmonary venous chamber communication
449429001,Divided left atrium with some pulmonary veins to proximal chamber draining to right atrium
449436000,Divided left atrium with some pulmonary veins to proximal chamber draining to left atrium
449440009,Divided left atrium with all pulmonary veins to proximal chamber without communication to left atrium with extracardiac pulmonary venous chamber communication
449441008,Divided left atrium with all pulmonary veins to proximal chamber without communication to left atrium with pulmonary venous chamber communication to right atrium
449442001,Congenital abnormality of great cardiac vein
449455000,Abnormal attachment of tricuspid chordae tendinae
449456004,Atrioventricular septal defect with atrioventricular valve regurgitation through left septal commissure
449457008,Atrioventricular septal defect with atrioventricular valve regurgitation through left superior bridging leaflet lateral mural commissure
449458003,Right superior vena cava connecting to coronary sinus and then to left sided atrium
449459006,Atrioventricular septal defect with atrioventricular valve regurgitation through left inferior bridging leaflet lateral mural commissure
449479003,Malattachment of atrial septum
449490008,Atrioventricular septal defect with atrioventricular valve regurgitation through right septal commissure
449492000,Divided left atrium with all pulmonary veins to proximal chamber and then to left atrium with additional pulmonary venous chamber communication to right atrium
449511008,Imperforate left ventriculoarterial valve
449512001,Imperforate right ventriculoarterial valve
449520004,Right ventricular outflow tract obstruction due to septoparietal trabeculation
449523002,Right superior vena cava persisting to coronary sinus and then to right sided atrium
449532000,Congenital abnormality of anterior cardiac vein
449534004,Obstructed interchordal space of tricuspid chordae tendinae
449537006,Atrioventricular septal defect with atrioventricular valve regurgitation through right anterosuperior inferior mural commissure
449538001,Atrioventricular septal defect with atrioventricular valve regurgitation through right anterosuperior superior bridging leaflet commissure
449539009,Atrioventricular septal defect with atrioventricular valve regurgitation through right inferior bridging leaflet inferior mural commissure
449563001,Absence of primary mitral chordae tendinae
449567000,Overriding left ventriculoarterial valve
449568005,Overriding right ventriculoarterial valve
449587004,Divided left atrium with all pulmonary veins to proximal chamber and then to left atrium with additional pulmonary venous chamber extracardiac communication
449593007,Divided left atrium with some pulmonary veins to proximal chamber draining to left atrium and others connecting directly to left atrium
449594001,Divided left atrium with some pulmonary veins to proximal chamber draining to left atrium and others connecting anomalously
449595000,Divided left atrium with some pulmonary veins to proximal chamber draining to right atrium and others connecting anomalously
449596004,Divided left atrium with some pulmonary veins to proximal chamber draining to right atrium and others connecting directly to left atrium
449599006,Malattachment of atrial septum with posterior aspect of septum primum to left
449600009,Malattachment of atrial septum with superior aspect of septum primum to left and posterior
450300002,Anomalous origin of right coronary artery from pulmonary artery
450301003,Anomalous origin of left coronary artery from pulmonary artery
450302005,Anomalous origin of left anterior descending coronary artery from pulmonary artery
450312003,Coarctation of aorta between subclavian artery and common carotid artery
450313008,Coarctation of aorta between left common carotid artery and right common carotid artery
45237002,Congenital dilatation of aorta
45492009,Congenital stenosis of superior vena cava
45503006,Common ventricle
458039003,Anomalous origin of left circumflex coronary artery from pulmonary artery
459062008,Fatal congenital nonlysosomal heart glycogenosis
459065005,Congenital atresia of left main stem coronary artery
459066006,Anomalous origin of accessory coronary artery from pulmonary artery
459164007,Systemic to pulmonary collateral artery from descending thoracic aorta
460437005,Anomalous origin of dual left anterior descending coronary arteries from right coronary artery and left coronary artery
460438000,Anomalous origin of large conus artery from right coronary artery
460471001,Anomalous origin of conus artery from separate aortic sinus orifice
460510005,Anomalous origin of coronary arteries from anterior aortic sinus
460517008,Anomalous origin of coronary arteries from both aortic sinuses of bicuspid valve
460524009,Anomalous origin of right coronary artery from left anterior descending coronary artery
460531008,Anomalous origin of right coronary artery from left circumflex coronary artery
460538002,Anomalous origin of left coronary artery from right coronary artery
460545002,Congenital atresia of right coronary artery orifice
460581004,Anomalous origin of accessory coronary artery from aortic sinus
460582006,Anomalous origin of left coronary artery and right coronary artery from pulmonary artery
460583001,Anomalous origin of sinus node coronary artery from separate aortic sinus orifice
460584007,Anomalous course of coronary artery posterior to pulmonary trunk
460585008,Anomalous course of coronary artery posterior to aorta
460586009,Anomalous origin of right coronary artery from left coronary artery
460587000,Anomalous origin of single coronary artery from left coronary artery aortic sinus
460588005,Anomalous origin of left circumflex coronary artery from right coronary aortic sinus
460614005,Dilatation of left atrioventricular (not morphologically mitral) valve in double inlet ventricle
460923005,Anomalous origin of right coronary artery from left coronary artery aortic sinus
460930004,Anomalous origin of left coronary artery from right coronary aortic sinus
460937001,Anomalous origin of single coronary artery from right coronary artery aortic sinus
460944005,Anomalous origin of right coronary artery from left coronary artery aortic sinus and anomalous origin of left coronary artery from right coronary artery aortic sinus
461105005,Anomalous origin of coronary artery from aorta
461107002,Single coronary artery dividing into right coronary artery and left coronary artery
461109004,Anomalous course of coronary artery anterior to pulmonary trunk and aorta
461110009,Anomalous course of coronary artery posterior to pulmonary trunk and aorta
461111008,Anomalous course of coronary artery anterior to aorta
461112001,Anomalous course of coronary artery anterior to pulmonary trunk
461331004,Malposition of coronary artery orifice
461345005,Coronary artery orifice abnormally low
461359003,Common coronary artery orifice
461381008,Anomalous intramural course of proximal portion of coronary artery within aortic sinus
461382001,Anomalous intramural course of proximal portion of coronary artery across commissure of aortic valve
461383006,Anomalous intramural course of proximal portion of coronary artery above aortic sinus
461384000,Anomalous course of coronary artery across right ventricular outflow tract
461385004,Anomalous course of coronary artery through infundibular septum
461420008,Anomalous coronary artery with acute angulation of less than 45 degrees relative to aorta
461421007,Anomalous coronary artery without acute angulation of less than 45 degrees relative to aorta
461435009,Anomalous origin of left anterior descending coronary artery from right coronary artery aortic sinus
461436005,Anomalous origin of dual left anterior descending coronary arteries
461438006,Double barrel dual coronary artery orifices within aortic sinus
461439003,Widely spaced right coronary artery and left coronary artery orifices within single aortic sinus
470752003,Progression of fetal right ventricular outflow tract obstruction
470753008,Progression of fetal left ventricular outflow tract obstruction
471276003,Single left coronary artery supplying all of heart with usual distribution of right coronary artery derived from distal left coronary artery
471277007,Single right coronary artery supplying all of heart with usual distribution of left coronary artery derived from distal right coronary artery
471279005,Recurrent atrial component of atrioventricular septal defect after prior cardiovascular surgical procedure
471280008,Recurrent ventricular component of atrioventricular septal defect after prior cardiovascular surgical procedure
471285003,Anomalous origin of coronary artery from aortic sinus to left of nonfacing aortic sinus
471286002,Anomalous origin of coronary artery from aortic sinus to right of nonfacing aortic sinus
471287006,Anomalous origin of left coronary artery and right coronary artery with dual orifices from aortic sinus to left of nonfacing aortic sinus
471288001,Anomalous origin of left coronary artery and right coronary artery with dual orifices from aortic sinus to right of nonfacing aortic sinus
471289009,Anomalous origin of circumflex artery from aortic sinus to right of nonfacing aortic sinus and anomalous origin of left anterior descending coronary artery and right coronary artery from aortic sinus to left of nonfacing aortic sinus
471290000,Anomalous origin of left anterior descending artery from aortic sinus to right of nonfacing aortic sinus and anomalous origin of circumflex artery and right coronary artery from aortic sinus to left of nonfacing aortic sinus
471291001,Anomalous origin of right coronary artery from aortic sinus to right of nonfacing aortic sinus and anomalous origin of left coronary artery from aortic sinus to left of nonfacing aortic sinus
471292008,Anomalous origin of right coronary artery and circumflex artery from aortic sinus to right of nonfacing aortic sinus and anomalous origin of left anterior descending artery from aortic sinus to left on nonfacing aortic sinus
471293003,Anomalous origin of left anterior descending artery and right coronary artery from aortic sinus to right of nonfacing aortic sinus and anomalous origin of circumflex artery from aortic sinus to left of nonfacing aortic sinus
471297002,Anomalous origin of single coronary artery from nonfacing aortic sinus
471298007,Anomalous origin of single coronary artery from aortic sinus to left of nonfacing aortic sinus
471299004,Anomalous origin of single coronary artery from aortic sinus to right of nonfacing aortic sinus
472703008,Pseudoacardia
472794005,Acquired subaortic stenosis associated with functionally univentricular heart
472795006,Acquired subaortic stenosis due to restrictive ventricular septal defect associated with functionally univentricular heart
472796007,Congenital subaortic stenosis due to restrictive ventricular septal defect associated with functionally univentricular heart
472799000,Acquired subpulmonary stenosis associated with functionally univentricular heart
472800001,Acquired subpulmonary stenosis due to restrictive ventricular defect associated with functionally univentricular heart
472801002,Congenital subpulmonary stenosis due to restrictive ventricular defect associated with functionally univentricular heart
472803004,Acquired abnormality of atrioventricular (not morphologically mitral or tricuspid) valve associated with atrioventricular septal defect
472807003,Ventricular septal defect due to and following infective endocarditis
472820000,Abnormal ventriculoarterial connection with usual origin of left coronary artery from aortic sinus to right of nonfacing aortic sinus and usual origin of right coronary artery from aortic sinus to left of nonfacing aortic sinus
472852000,Regurgitation of fetal common atrioventricular valve
473362006,Congenital stenosis of distal coronary artery
473393007,Congenital occlusion of coronary sinus
473443007,Anomalous origin of right coronary artery
473444001,Anomalous origin of left coronary artery
48121000,Congenital cardiomegaly
48520006,Congenital atresia of cardiac vein
51442005,Congenital atresia of aortic valve
51789008,Congenital malposition of cardiac apex
5230009,Congenital absence of coronary artery
54073003,Monocuspid cardiac valve
54160000,Congenital aneurysm of sinus of Valsalva
54682008,Congenital hypoplasia of pulmonary artery
55510008,Cor triatriatum
55546004,Anomalous origin of left circumflex artery from right coronary artery
56309007,Congenital subaortic stenosis of tunnel type
59494005,Congenital septal defect of heart
59554006,Holoacardius acormus
59631007,Anomalous pulmonary venous drainage
59877000,Congenital anomaly of aorta
60106004,Common arterial trunk and separate origin of pulmonary arteries
60232001,Cleft leaflet of tricuspid valve
60732002,"Atrial septal defect with endocardial cushion defect, partial type"
60787001,Congenital hypoplasia of aortic arch
61959006,Common truncus arteriosus
62067003,Hypoplastic left heart syndrome
62335009,Congenital stenosis of inferior vena cava
627251000000105,Other specified ostium secundum atrial septal defect
63042009,Congenital atresia of tricuspid valve
63247009,Williams syndrome
63934006,Overriding aorta
64862009,Congenital rhabdomyoma of heart
66403007,Vascular ring of aorta
664221000000104,Ostium secundum atrial septal defect NOS
67278007,Congenital stenosis of pulmonary valve
68092007,Anomalous origin of pulmonary artery
68237008,Partial anomalous pulmonary venous connection
698971006,Congenital subaortic diverticulum
699298009,"Blepharophimosis, intellectual disability syndrome, Say-Barber-Biesecker-Young-Simpson type"
6996004,Congenital absence of pulmonary valve
70142008,Atrial septal defect
70195006,Congenital anomaly of superior vena cava
70320004,Congenital anomaly of heart valve
70602002,Pseudocoarctation of aorta
715535009,Keratosis palmoplantaris and arrhythmogenic cardiomyopathy syndrome
715865008,Familial isolated arrhythmogenic right ventricular dysplasia
715987000,Congenital heart defect with round face and developmental delay syndrome
716193004,Short stature with valvular heart disease and characteristic facies syndrome
716740009,Potter sequence cleft lip and palate cardiopathy syndrome
716773002,Familial idiopathic dilatation of right atrium
7169009,Congenital supravalvular aortic stenosis
717812000,"Congenital cataract, hypertrophic cardiomyopathy, mitochondrial myopathy syndrome"
717859007,"Hydrocephalus, cardiac malformation, dense bone syndrome"
717943008,"Brain malformation, congenital heart disease, postaxial polydactyly syndrome"
718128009,Congenital dysplasia of cardiac valve
718135001,Isolated right ventricular hypoplasia
718181001,Congenital cardiac diverticulum
718216009,Partial defect of atrioventricular canal
718556007,Cranio-cerebello-cardiac dysplasia syndrome
719379001,Microcephalus with cardiac defect and lung malsegmentation syndrome
719395001,Microcephalus facio-cardio-skeletal syndrome Hadziselimovic type
719400000,Lethal faciocardiomelic dysplasia
719451006,Dilated cardiomyopathy with hypergonadotropic hypogonadism syndrome
719456001,Cleft lip and cleft palate with intestinal malrotation and cardiopathy syndrome
720567008,Bosley Salih Alorainy syndrome
720605009,Cardiac anomaly and heterotaxy syndrome
720606005,Cardiocranial syndrome Pfeiffer type
720612000,Cardiospondylocarpofacial syndrome
720639008,"Coloboma, congenital heart disease, ichthyosiform dermatosis, intellectual disability ear anomaly syndrome"
720748007,Aural atresia with multiple congenital anomalies and intellectual disability syndrome
720858001,Ehlers-Danlos syndrome cardiac valvular type
721009008,Heart defect and limb shortening syndrome
721010003,Heart-hand syndrome type 2
721013001,Heart-hand syndrome type 3
721015008,Hydrocephalus with endocardial fibroelastosis and cataract syndrome
721073008,Short stature with webbed neck and congenital heart disease syndrome
721976003,Lung agenesis with heart defect and thumb anomaly syndrome
721978002,"Lymphedema, atrial septal defect, facial changes syndrome"
722027009,Kallman syndrome with heart disease
722206009,"Pancreatic hypoplasia, diabetes mellitus, congenital heart disease syndrome"
72242008,Postductal coarctation of aorta
722461004,Meacham syndrome
72252007,Congenital hypoplasia of cardiac vein
723304001,"Microcephaly, seizure, intellectual disability, heart disease syndrome"
723333000,Faciocardiorenal syndrome
723336008,Fallot complex with intellectual disability and growth delay syndrome
723448007,Polyvalvular heart disease syndrome
72352009,Bicuspid aortic valve
723867002,Coarctation of aortic arch
724066002,Polysyndactyly and cardiac malformation syndrome
725145002,"Atrial septal defect, atrioventricular conduction defect syndrome"
726083008,Congenital sacral meningocele with conotruncal heart defect syndrome
726335002,Common atrioventricular junction
726461000000102,Abnormal atrial arrangement
726471000000109,Indeterminate atrial arrangement
726571000000105,Absent right sided atrioventricular connection with straddling valve
726581000000107,Absent left sided atrioventricular connection with straddling valve
726704006,"Cataract, congenital heart disease, neural tube defect syndrome"
727031000000100,Malattachment of atrial septum
727051000000107,Malattachment of atrial septum with superior aspect of septum primum to left and posterior
727061000000105,Malattachment of atrial septum with posterior aspect of septum primum to left
727071000000103,Malaligned atrial septum with flap valve to muscular rim of oval fossa
727491000000106,Hepatic vein to right sided atrium
727501000000100,Hepatic vein to left sided atrium
727511000000103,Hepatic vein to left atrium and right atrium
728041000000105,Interatrial communication through coronary sinus orifice
728051000000108,Completely unroofed coronary sinus defect in left atrium
728301000000105,Congenital abnormality of right atrium
728311000000107,Prolapse of Eustachian valve through tricuspid valve
728321000000101,Prolapse of Eustachian valve through atrial septum
728341000000108,Congenital abnormality of left atrium
728351000000106,Supravalvar mitral ring
728371000000102,Divided left atrium with all pulmonary veins to proximal chamber draining to left atrium
728381000000100,Divided left atrium with all pulmonary veins to proximal chamber draining to left atrium with pulmonary venous chamber communication
728391000000103,Divided left atrium with all pulmonary veins to proximal chamber draining to left atrium with pulmonary venous chamber communication to right atrium
728401000000100,Divided left atrium with all pulmonary veins to proximal chamber draining to left atrium with pulmonary venous chamber extracardiac communication
728411000000103,Divided left atrium with restrictive outlet of proximal chamber to left atrium
728421000000109,Divided left atrium with nonrestrictive outlet of proximal chamber to left atrium
728431000000106,Congenital abnormality of atrial septum
728451000000104,Premature restriction of foramen ovale
728461000000101,Non-fenestrated atrial septal defect within oval fossa
728471000000108,Fenestrated atrial septal defect within oval fossa
728481000000105,Non-restrictive interatrial communication septal defect
728491000000107,Restrictive interatrial communication septal defect
7305005,Coarctation of aorta
73660006,Congenital subaortic stenosis
7368005,Double outlet left ventricle
73699003,Common arterial trunk and common origin of pulmonary arteries
737155005,Congenital anomaly of atrioventricular valve
737156006,Congenital anomaly of atrioventricular septum
74034002,Isolated dextrocardia
74218008,Coronary artery arising from main pulmonary artery
7438000,Congenital atresia of aorta
74561007,Kommerell's diverticulum
7484005,Double outlet right ventricle
74908007,Congenital absence of inferior vena cava
75270000,Congenital diverticulum of left ventricle
753481000000103,Divided left atrium with all pulmonary veins to proximal chamber without communication to left atrium
753491000000101,Divided left atrium with all pulmonary veins to proximal chamber without communication to left atrium with pulmonary venous chamber communication to right atrium
753501000000107,Divided left atrium with all pulmonary veins to proximal chamber without communication to left atrium with extracardiac pulmonary venous chamber communication
753511000000109,Divided left atrium with some pulmonary veins to proximal chamber
753541000000105,Divided left atrium with some pulmonary veins to proximal chamber draining to left atrium
753551000000108,Divided left atrium with some pulmonary veins to proximal chamber draining to left atrium and others connecting directly to left atrium
753561000000106,Divided left atrium with some pulmonary veins to proximal chamber draining to left atrium and others connecting anomalously
753571000000104,Divided left atrium with some pulmonary veins to proximal chamber draining to right atrium
753581000000102,Divided left atrium with some pulmonary veins to proximal chamber draining to right atrium and others connecting directly to left atrium
753591000000100,Divided left atrium with some pulmonary veins to proximal chamber draining to right atrium and others connecting anomalously
75372006,Congenital anomaly of mitral valve
75398000,Anomalous origin of coronary artery
759461000000109,Congenital abnormality of leaflet of mitral valve
759521000000100,Congenital abnormality of mitral papillary muscle
759551000000105,Atrioventricular septal defect with balanced ventricles
759561000000108,Atrioventricular septal defect with ventricular imbalance
759631000000102,Noncoapting left atrioventricular valve leaflet
759731000000107,Anomalous anterolateral muscle bands of left ventricle
759741000000103,Anomalous false tendon of muscle bands of left ventricle
759751000000100,Anomalous posteromedial muscle bands of left ventricle
759771000000109,Subaortic left ventricular outflow tract obstruction
759781000000106,Subpulmonary left ventricular outflow tract obstruction
759851000000108,Subpulmonary right ventricular outflow tract obstruction
759861000000106,Subaortic right ventricular outflow tract obstruction
759871000000104,Two chambered right ventricle with ventricular septal defect above obstruction
759881000000102,Two chambered right ventricle with ventricular septal defect below obstruction
759891000000100,Two chambered right ventricle with ventricular septal defect above and below obstruction
759931000000105,Congenital abnormality of left atrioventricular valve papillary muscle
759941000000101,Congenital subvalvar mitral stenosis
762251008,Double outlet right ventricle with subaortic or doubly committed ventricular septal defect without pulmonary stenosis - ventricular septal defect type
762252001,Common arterial trunk with aortic dominance
762253006,Common arterial trunk with pulmonary dominance co-occurrent with interrupted aortic arch
762254000,Congenital dysplasia of tricuspid valve
762433009,Tetralogy of Fallot with pulmonary atresia co-occurrent with systemic-to-pulmonary collateral artery
762460002,Hemodynamically insignificant ventricular septal defect
76257003,Bicuspid cardiac valve
763066009,"Atrioventricular septal defect, blepharophimosis, radial and anal defect syndrome"
763316006,Congenital patent ductus arteriosus aneurysm
763615003,"Aortic arch anomaly, facial dysmorphism, intellectual disability syndrome"
763747002,Congenital aneurysm of membranous portion of interventricular septum
764521002,Encircling double aortic arch
764955006,Laubry Pezzi syndrome
766751007,Neuhauser anomaly
766976003,"Pulmonary valve agenesis, tetralogy of Fallot, absence of ductus arteriosus syndrome"
767309006,Double aortic arch with dominant left arch and hypoplasia of right arch
767311002,Double aortic arch with dominant right arch and hypoplasia of left arch
768552007,Congenital ventricular septal defect
770432008,Ectasia of left atrial appendage
770433003,Ectasia of right atrial appendage
770435005,Familial bicuspid aortic valve
773139006,Congenital abnormality of cardiac ventricle
773749003,Genitopalatocardiac syndrome
77696009,Double aortic valve
780842009,Aortopulmonary coronary arterial course
781159007,Congenital levorotation of heart
78196008,Double mitral valve
78250005,Ectopia cordis
782698000,Congenital atresia of ostium of coronary artery
782699008,Congenital stenosis of ostium of coronary artery
783011004,Persistent Eustachian valve
783096008,Subaortic stenosis and short stature syndrome
78320000,Quadricuspid cardiac valve
783738002,"Heart defect, tongue hamartoma, polysyndactyly syndrome"
783773000,Congenital abnormal number of ostium of coronary artery
784353002,"Pulmonary valve agenesis, intact ventricular septum, persistent ductus arteriosus syndrome"
78485007,Acyanotic congenital heart disease
78495000,Cleft leaflet of mitral valve
788533006,Congenital abnormality of atrium
79439001,Congenital anomaly of aortic arch
7991000119102,Congenital dilatation of aortic root
80387009,Roger's disease
81577001,Congenital anomaly of inferior vena cava
81990004,Cor biloculare
8239009,Primary endocardial fibroelastosis
82458004,Congenital stenosis of mitral valve
827078006,Eisenmenger ventricular septal defect
83119008,Congenital insufficiency of tricuspid valve
83130006,Eisenmenger's defect
83799000,Corrected transposition of great vessels
838333005,Atresia of mitral valve with absent atrioventricular connection
840469002,Deficient mural leaflet of left ventricular component of common atrioventricular valve
840488009,Congenital regurgitation of truncal valve
840495000,Common atrioventricular junction with spontaneous fibrous closure of atrioventricular septal defect
840497008,"Atrioventricular septal defect, atrial and ventricular components with common atrioventricular valve with unbalanced commitment of valve to left ventricle"
840507004,Double outlet right ventricle with subaortic ventricular septal defect without pulmonary stenosis
840517009,"Atrioventricular septal defect, atrial and ventricular components with common atrioventricular valve with unbalanced commitment of valve to right ventricle"
84648007,Acardius
85081000,Common arterial trunk and widely separate origin of pulmonary arteries
86252004,Agenesis of pulmonary artery
86299006,Tetralogy of Fallot
870323006,Obstructed anomalous pulmonary venous pathway
8712002,Congenital subaortic stenosis due to fibromuscular shelf
871579003,Perimembranous inlet ventricular septal defect with atrioventricular septal malalignment
871581001,Inferior muscular trabecular ventricular septal defect
871583003,Congenital anomaly of left-sided atrioventricular valve in double inlet ventricle
871585005,Congenital anomaly of right-sided atrioventricular valve in double inlet ventricle
871594004,Congenital stenosis of truncal valve
871597006,Congenital dysplasia of aortic valve
871599009,Double outlet right ventricle with subaortic or doubly committed ventricular septal defect and pulmonary stenosis Fallot type
871600007,Outlet ventricular septal defect with posteriorly malaligned outlet septum
871601006,Double outlet right ventricle with subaortic ventricular septal defect and pulmonary stenosis Fallot type
871602004,Perimembranous outlet ventricular septal defect with anteriorly malaligned outlet septum
871603009,Transposition of great arteries with concordant atrioventricular connections and ventricular septal defect
871604003,Doubly committed juxta-arterial outlet ventricular septal defect with perimembranous extension and posteriorly malaligned outlet septum
871605002,Transposition of great arteries with concordant atrioventricular connections and ventricular septal defect and left ventricular outflow tract obstruction
871606001,Outlet ventricular septal defect with anteriorly malaligned outlet septum
871607005,Doubly committed juxta-arterial outlet ventricular septal defect with perimembranous extension and anteriorly malaligned outlet septum
871609008,Doubly committed juxta-arterial outlet ventricular septal defect with anteriorly malaligned outlet septum
871610003,Doubly committed juxta-arterial outlet ventricular septal defect with perimembranous extension
871611004,Doubly committed juxta-arterial outlet ventricular septal defect with posteriorly malaligned outlet septum
871612006,Anterior muscular trabecular ventricular septal defect
871616009,Atrial situs inversus
871618005,Congenital dysplasia of truncal valve
871620008,Perimembranous inlet ventricular septal defect
871622000,Common atrioventricular valve with unbalanced commitment of valve to ventricle
871624004,Common atrioventricular valve with unbalanced commitment of valve to right ventricle
871625003,Intermediate atrioventricular septal defect with atrial and ventricular components and separate atrioventricular valves
871627006,Common atrium with common atrioventricular junction
871630004,Atrioventricular septal defect with ventricular imbalance
871636005,Doubly committed juxta-arterial ventricular septal defect with anteriorly malaligned fibrous outlet septum and muscular postero-inferior rim
871643004,Atrioventricular septal defect with balanced ventricles
871645006,Common atrium with separate arterioventricular junctions
871647003,Common arterial trunk with pulmonary dominance
871648008,Perimembranous outlet ventricular septal defect with posteriorly malaligned outlet septum
871650000,Common arterial trunk with pulmonary dominance and aortic coarctation
871652008,Mitral atresia with imperforate mitral valve
871654009,Congenital hypoplasia of annulus fibrosus of aorta
871655005,Tricuspid atresia with absent right atrioventricular connection
871658007,Muscular ventricular septal defect opening to right ventricular inlet
871659004,Double inlet to solitary ventricle of indeterminate morphology
871660009,Congenital anomaly of left ventricle
871666003,Atypical left ventricular component of common atrioventricular valve
871667007,Disorder of ascending aorta due to conotruncal malformation
871668002,Congenital right ventricular anomaly
871669005,Acquired abnormality of aorta due to congenital heart anomaly
871672003,Atypical right ventricular component of common atrioventricular valve
874782009,Acquired abnormality of atrioventricular (not morphologically mitral or tricuspid) following repair of atrioventricular septal defect
876846006,Congenital absence of chordae tendineae of tricuspid valve
880003006,Residual ventricular septal defect following procedure
880062003,Recurrent ventricular septal defect following procedure
88244008,Congenital stenosis of vena cava
88445007,Anomalous muscle bands of right ventricle
890220003,Bicuspid aortic valve-associated aortopathy
890393009,Congenital prolapse of mitral valve
890402009,Congenital abnormality of truncal valve
90383006,Congenital absence of aorta
91634006,Fused commissures of mitral valve
92830003,Combined valvular-subvalvular pulmonic stenosis
92888002,Congenital abnormal shape of aortic valve
92923008,Congenital abnormal shape of mitral valve
92941000,Congenital abnormal shape of pulmonary valve
92944008,Congenital abnormal shape of tricuspid valve
92960007,Congenital absence of aortic valve
92963009,Congenital absence of chordae tendineae
92965002,Congenital absence of ductus arteriosus
92969008,Congenital absence of mitral valve
92974000,Congenital absence of papillary muscle
92976003,Congenital absence of tricuspid valve
93031005,Congenital atresia of inferior vena cava
93033008,Congenital atresia of superior vena cava
93051009,Congenital dilatation of atrium
93053007,Congenital dilatation of cardiac ventricle
93056004,Congenital dilatation of inferior vena cava
93059006,Congenital dilatation of pulmonary artery
93062009,Congenital dilatation of superior vena cava
93069000,Congenital hypertrophy of aortic valve
93075009,Congenital hypertrophy of pulmonary valve
93076005,Congenital hypertrophy of tricuspid valve
93078006,Congenital hypertrophy of cardiac ventricle
93234006,Congenital hypertrophy of mitral valve
93237004,Congenital hypoplasia of aortic valve
93247001,Congenital hypoplasia of cardiac ventricle
93262004,Congenital hypoplasia of heart
93271008,Congenital hypoplasia of mitral valve
93287006,Congenital hypoplasia of pulmonary valve
93328001,Congenital malposition of inferior vena cava
93353003,Congenital malposition of subclavian artery
93354009,Congenital malposition of superior vena cava
93384001,Congenital stenosis of aortic arch
93385000,Congenital stenosis of innominate artery
93388003,Congenital stenosis of subclavian artery
94150003,Membranous ventricular septum defect
94702005,Multiple congenital cardiac defects
94703000,Multiple intracardiac shunts
94706008,Muscular ventricular septum defect
95234008,Retroesophageal aortic arch
95237001,Retroesophageal subclavian artery
95268002,Sinus venosus atrial septal defect
95441000,Stenosis of pulmonary artery
